{
  "project_info": {
    "project_number": "379466770971",
    "project_id": "appmilestone0",
    "storage_bucket": "appmilestone0.appspot.com"
  },
  "client": [
    {
      "client_info": {
        "mobilesdk_app_id": "1:379466770971:android:3cddf4d552b654cd9326be",
        "android_client_info": {
          "package_name": "com.example.appmilestone0"
        }
      },
      "oauth_client": [],
      "api_key": [
        {
          "current_key": "AIzaSyDysaDTUQMcQNH_6hO_Bx_a-gTe49FVLMM"
        }
      ],
      "services": {
        "appinvite_service": {
          "other_platform_oauth_client": []
        }
      }
    }
  ],
  "configuration_version": "1"
}